record_id,label,classifier,querier,balancer,feature_extractor,training_set,time,note,tags,user_id
16405,0,,,,,,1760785119.914496,,,
36578,1,,,,,,1760785119.914496,,,
399,1,svm,max,balanced,tfidf,2,1760785141.3742359,,,
20361,0,svm,max,balanced,tfidf,3,1760785141.5120542,,,
19015,0,svm,max,balanced,tfidf,4,1760785141.6474574,,,
23143,0,svm,max,balanced,tfidf,5,1760785141.7701607,,,
16978,1,svm,max,balanced,tfidf,6,1760785141.933193,,,
26801,0,svm,max,balanced,tfidf,7,1760785142.1343093,,,
20739,0,svm,max,balanced,tfidf,8,1760785142.3221025,,,
12975,0,svm,max,balanced,tfidf,9,1760785142.5020912,,,
19530,0,svm,max,balanced,tfidf,10,1760785142.6482546,,,
27675,0,svm,max,balanced,tfidf,11,1760785142.7799404,,,
16870,1,svm,max,balanced,tfidf,12,1760785142.93074,,,
7299,0,svm,max,balanced,tfidf,13,1760785143.0679753,,,
36252,0,svm,max,balanced,tfidf,14,1760785143.2220833,,,
34125,1,svm,max,balanced,tfidf,15,1760785143.3604033,,,
4035,0,svm,max,balanced,tfidf,16,1760785143.5024164,,,
14659,0,svm,max,balanced,tfidf,17,1760785143.632783,,,
26496,1,svm,max,balanced,tfidf,18,1760785143.7597773,,,
32101,0,svm,max,balanced,tfidf,19,1760785143.897288,,,
18917,0,svm,max,balanced,tfidf,20,1760785144.0311584,,,
11803,1,svm,max,balanced,tfidf,21,1760785144.1585944,,,
7693,0,svm,max,balanced,tfidf,22,1760785144.2811577,,,
3361,0,svm,max,balanced,tfidf,23,1760785144.4176335,,,
12321,1,svm,max,balanced,tfidf,24,1760785144.5325716,,,
15317,0,svm,max,balanced,tfidf,25,1760785144.6748295,,,
18641,0,svm,max,balanced,tfidf,26,1760785144.7865305,,,
10061,0,svm,max,balanced,tfidf,27,1760785144.9160304,,,
21990,0,svm,max,balanced,tfidf,28,1760785145.0585043,,,
33210,0,svm,max,balanced,tfidf,29,1760785145.1849344,,,
33545,1,svm,max,balanced,tfidf,30,1760785145.3167415,,,
34094,0,svm,max,balanced,tfidf,31,1760785145.4402385,,,
25248,1,svm,max,balanced,tfidf,32,1760785145.5649812,,,
5287,1,svm,max,balanced,tfidf,33,1760785145.7074955,,,
2323,0,svm,max,balanced,tfidf,34,1760785145.833045,,,
37341,0,svm,max,balanced,tfidf,35,1760785145.9758663,,,
352,0,svm,max,balanced,tfidf,36,1760785146.0975478,,,
27196,1,svm,max,balanced,tfidf,37,1760785146.2409885,,,
27034,1,svm,max,balanced,tfidf,38,1760785146.3817317,,,
11886,0,svm,max,balanced,tfidf,39,1760785146.5117238,,,
33245,1,svm,max,balanced,tfidf,40,1760785146.6355155,,,
10219,0,svm,max,balanced,tfidf,41,1760785146.769012,,,
12310,0,svm,max,balanced,tfidf,42,1760785146.895121,,,
36193,1,svm,max,balanced,tfidf,43,1760785147.018499,,,
25614,0,svm,max,balanced,tfidf,44,1760785147.1552079,,,
22869,0,svm,max,balanced,tfidf,45,1760785147.2817605,,,
15279,0,svm,max,balanced,tfidf,46,1760785147.3986616,,,
29304,0,svm,max,balanced,tfidf,47,1760785147.539281,,,
29209,0,svm,max,balanced,tfidf,48,1760785147.6563318,,,
25986,0,svm,max,balanced,tfidf,49,1760785147.796439,,,
32918,0,svm,max,balanced,tfidf,50,1760785147.941067,,,
20128,0,svm,max,balanced,tfidf,51,1760785148.0780673,,,
33257,0,svm,max,balanced,tfidf,52,1760785148.2026038,,,
22307,1,svm,max,balanced,tfidf,53,1760785148.3397133,,,
36366,0,svm,max,balanced,tfidf,54,1760785148.4565961,,,
8558,0,svm,max,balanced,tfidf,55,1760785148.5977685,,,
490,0,svm,max,balanced,tfidf,56,1760785148.7279623,,,
10330,0,svm,max,balanced,tfidf,57,1760785148.8568096,,,
15420,0,svm,max,balanced,tfidf,58,1760785148.9855168,,,
18028,0,svm,max,balanced,tfidf,59,1760785149.1202176,,,
23372,0,svm,max,balanced,tfidf,60,1760785149.2506015,,,
21817,0,svm,max,balanced,tfidf,61,1760785149.3756013,,,
31607,0,svm,max,balanced,tfidf,62,1760785149.5025644,,,
11932,0,svm,max,balanced,tfidf,63,1760785149.6339042,,,
28188,0,svm,max,balanced,tfidf,64,1760785149.76818,,,
18854,0,svm,max,balanced,tfidf,65,1760785149.8953757,,,
19121,0,svm,max,balanced,tfidf,66,1760785150.0378232,,,
31286,0,svm,max,balanced,tfidf,67,1760785150.1793234,,,
18165,0,svm,max,balanced,tfidf,68,1760785150.310846,,,
28945,0,svm,max,balanced,tfidf,69,1760785150.4331498,,,
16064,0,svm,max,balanced,tfidf,70,1760785150.571542,,,
18851,0,svm,max,balanced,tfidf,71,1760785150.703088,,,
2032,0,svm,max,balanced,tfidf,72,1760785150.8179038,,,
33297,1,svm,max,balanced,tfidf,73,1760785150.961909,,,
22081,0,svm,max,balanced,tfidf,74,1760785151.088663,,,
187,0,svm,max,balanced,tfidf,75,1760785151.2272913,,,
2149,0,svm,max,balanced,tfidf,76,1760785151.3569622,,,
13509,1,svm,max,balanced,tfidf,77,1760785151.4851325,,,
12958,0,svm,max,balanced,tfidf,78,1760785151.6055834,,,
34103,0,svm,max,balanced,tfidf,79,1760785151.751057,,,
32444,0,svm,max,balanced,tfidf,80,1760785151.8813448,,,
13059,0,svm,max,balanced,tfidf,81,1760785152.0027745,,,
24130,0,svm,max,balanced,tfidf,82,1760785152.1451583,,,
13285,0,svm,max,balanced,tfidf,83,1760785152.277117,,,
14272,0,svm,max,balanced,tfidf,84,1760785152.4125175,,,
11509,0,svm,max,balanced,tfidf,85,1760785152.5395658,,,
35418,0,svm,max,balanced,tfidf,86,1760785152.6670496,,,
20109,0,svm,max,balanced,tfidf,87,1760785152.8050537,,,
7271,0,svm,max,balanced,tfidf,88,1760785152.9352949,,,
27827,0,svm,max,balanced,tfidf,89,1760785153.0728729,,,
6669,0,svm,max,balanced,tfidf,90,1760785153.2067323,,,
11511,0,svm,max,balanced,tfidf,91,1760785153.3231497,,,
27323,0,svm,max,balanced,tfidf,92,1760785153.455513,,,
4169,1,svm,max,balanced,tfidf,93,1760785153.574326,,,
35647,1,svm,max,balanced,tfidf,94,1760785153.6970124,,,
30547,0,svm,max,balanced,tfidf,95,1760785153.8139362,,,
35085,1,svm,max,balanced,tfidf,96,1760785153.9412613,,,
18057,1,svm,max,balanced,tfidf,97,1760785154.0660489,,,
20933,1,svm,max,balanced,tfidf,98,1760785154.1882334,,,
13789,0,svm,max,balanced,tfidf,99,1760785154.311014,,,
7959,0,svm,max,balanced,tfidf,100,1760785154.4254336,,,
25151,1,svm,max,balanced,tfidf,101,1760785154.5588412,,,
9878,1,svm,max,balanced,tfidf,102,1760785154.6873212,,,
23581,0,svm,max,balanced,tfidf,103,1760785154.8094707,,,
5477,1,svm,max,balanced,tfidf,104,1760785154.942414,,,
28757,1,svm,max,balanced,tfidf,105,1760785155.07041,,,
4351,0,svm,max,balanced,tfidf,106,1760785155.192786,,,
37216,1,svm,max,balanced,tfidf,107,1760785155.3161209,,,
5275,0,svm,max,balanced,tfidf,108,1760785155.4262438,,,
34825,1,svm,max,balanced,tfidf,109,1760785155.559691,,,
30160,0,svm,max,balanced,tfidf,110,1760785155.6763046,,,
5744,0,svm,max,balanced,tfidf,111,1760785155.808848,,,
28163,1,svm,max,balanced,tfidf,112,1760785155.9270253,,,
12605,1,svm,max,balanced,tfidf,113,1760785156.056454,,,
15603,0,svm,max,balanced,tfidf,114,1760785156.193261,,,
6185,0,svm,max,balanced,tfidf,115,1760785156.3107018,,,
2238,0,svm,max,balanced,tfidf,116,1760785156.4425883,,,
16141,0,svm,max,balanced,tfidf,117,1760785156.5607908,,,
33405,0,svm,max,balanced,tfidf,118,1760785156.7103589,,,
4545,0,svm,max,balanced,tfidf,119,1760785156.83817,,,
32106,0,svm,max,balanced,tfidf,120,1760785156.960577,,,
6511,0,svm,max,balanced,tfidf,121,1760785157.077465,,,
28843,1,svm,max,balanced,tfidf,122,1760785157.2098525,,,
19599,0,svm,max,balanced,tfidf,123,1760785157.3282883,,,
19960,0,svm,max,balanced,tfidf,124,1760785157.4450314,,,
15528,0,svm,max,balanced,tfidf,125,1760785157.5734236,,,
3076,1,svm,max,balanced,tfidf,126,1760785157.6944602,,,
20513,1,svm,max,balanced,tfidf,127,1760785157.81137,,,
3156,0,svm,max,balanced,tfidf,128,1760785157.9284923,,,
24549,1,svm,max,balanced,tfidf,129,1760785158.061485,,,
19847,0,svm,max,balanced,tfidf,130,1760785158.1781976,,,
20841,0,svm,max,balanced,tfidf,131,1760785158.3116179,,,
3598,0,svm,max,balanced,tfidf,132,1760785158.4283168,,,
12537,0,svm,max,balanced,tfidf,133,1760785158.5451837,,,
32502,0,svm,max,balanced,tfidf,134,1760785158.6775181,,,
120,0,svm,max,balanced,tfidf,135,1760785158.7949767,,,
412,1,svm,max,balanced,tfidf,136,1760785158.928132,,,
18732,0,svm,max,balanced,tfidf,137,1760785159.062241,,,
34139,0,svm,max,balanced,tfidf,138,1760785159.1787353,,,
970,0,svm,max,balanced,tfidf,139,1760785159.3106406,,,
9051,0,svm,max,balanced,tfidf,140,1760785159.4291642,,,
12317,0,svm,max,balanced,tfidf,141,1760785159.5459058,,,
9167,1,svm,max,balanced,tfidf,142,1760785159.6625526,,,
34529,0,svm,max,balanced,tfidf,143,1760785159.798642,,,
13445,0,svm,max,balanced,tfidf,144,1760785159.9126885,,,
32481,0,svm,max,balanced,tfidf,145,1760785160.0301251,,,
12214,0,svm,max,balanced,tfidf,146,1760785160.1619651,,,
28653,1,svm,max,balanced,tfidf,147,1760785160.2864742,,,
33692,0,svm,max,balanced,tfidf,148,1760785160.4084525,,,
14362,0,svm,max,balanced,tfidf,149,1760785160.5298266,,,
33209,0,svm,max,balanced,tfidf,150,1760785160.6551638,,,
28437,0,svm,max,balanced,tfidf,151,1760785160.797675,,,
6385,0,svm,max,balanced,tfidf,152,1760785160.9136436,,,
33997,0,svm,max,balanced,tfidf,153,1760785161.069654,,,
14887,0,svm,max,balanced,tfidf,154,1760785161.1959817,,,
26747,1,svm,max,balanced,tfidf,155,1760785161.3302555,,,
8820,0,svm,max,balanced,tfidf,156,1760785161.4638793,,,
29987,0,svm,max,balanced,tfidf,157,1760785161.598939,,,
32869,0,svm,max,balanced,tfidf,158,1760785161.7336965,,,
9455,0,svm,max,balanced,tfidf,159,1760785161.8597982,,,
8296,0,svm,max,balanced,tfidf,160,1760785161.9813762,,,
16345,0,svm,max,balanced,tfidf,161,1760785162.1225646,,,
37700,0,svm,max,balanced,tfidf,162,1760785162.247192,,,
30435,0,svm,max,balanced,tfidf,163,1760785162.3842678,,,
25066,0,svm,max,balanced,tfidf,164,1760785162.515491,,,
22067,0,svm,max,balanced,tfidf,165,1760785162.6505318,,,
18233,0,svm,max,balanced,tfidf,166,1760785162.787068,,,
30586,0,svm,max,balanced,tfidf,167,1760785162.9207327,,,
33410,0,svm,max,balanced,tfidf,168,1760785163.0535867,,,
3085,0,svm,max,balanced,tfidf,169,1760785163.183183,,,
31124,0,svm,max,balanced,tfidf,170,1760785163.316291,,,
25762,0,svm,max,balanced,tfidf,171,1760785163.4496844,,,
77,0,svm,max,balanced,tfidf,172,1760785163.58182,,,
2522,0,svm,max,balanced,tfidf,173,1760785163.699716,,,
34903,0,svm,max,balanced,tfidf,174,1760785163.8339744,,,
27267,0,svm,max,balanced,tfidf,175,1760785163.976236,,,
36745,0,svm,max,balanced,tfidf,176,1760785164.1191118,,,
27126,0,svm,max,balanced,tfidf,177,1760785164.265389,,,
23218,0,svm,max,balanced,tfidf,178,1760785164.4007785,,,
10268,0,svm,max,balanced,tfidf,179,1760785164.5656905,,,
26695,0,svm,max,balanced,tfidf,180,1760785164.7140672,,,
2829,0,svm,max,balanced,tfidf,181,1760785164.862122,,,
3632,0,svm,max,balanced,tfidf,182,1760785165.016053,,,
27102,0,svm,max,balanced,tfidf,183,1760785165.1328926,,,
27685,0,svm,max,balanced,tfidf,184,1760785165.2826054,,,
19739,0,svm,max,balanced,tfidf,185,1760785165.4780095,,,
33463,0,svm,max,balanced,tfidf,186,1760785165.5995948,,,
26445,0,svm,max,balanced,tfidf,187,1760785165.7168808,,,
8556,0,svm,max,balanced,tfidf,188,1760785165.8336518,,,
11462,0,svm,max,balanced,tfidf,189,1760785165.9688883,,,
37860,0,svm,max,balanced,tfidf,190,1760785166.0832586,,,
30048,1,svm,max,balanced,tfidf,191,1760785166.2006278,,,
34636,0,svm,max,balanced,tfidf,192,1760785166.317136,,,
3146,0,svm,max,balanced,tfidf,193,1760785166.4567943,,,
2457,0,svm,max,balanced,tfidf,194,1760785166.567541,,,
8319,0,svm,max,balanced,tfidf,195,1760785166.6990147,,,
9239,0,svm,max,balanced,tfidf,196,1760785166.818209,,,
25346,0,svm,max,balanced,tfidf,197,1760785166.9463751,,,
2035,1,svm,max,balanced,tfidf,198,1760785167.0684395,,,
2313,0,svm,max,balanced,tfidf,199,1760785167.2009718,,,
1855,0,svm,max,balanced,tfidf,200,1760785167.338868,,,
36456,0,svm,max,balanced,tfidf,201,1760785167.4708421,,,
28245,0,svm,max,balanced,tfidf,202,1760785167.7298589,,,
4839,0,svm,max,balanced,tfidf,203,1760785167.9811592,,,
21340,0,svm,max,balanced,tfidf,204,1760785168.1680746,,,
11584,0,svm,max,balanced,tfidf,205,1760785168.4393106,,,
23896,0,svm,max,balanced,tfidf,206,1760785168.64634,,,
33568,1,svm,max,balanced,tfidf,207,1760785168.827793,,,
25549,1,svm,max,balanced,tfidf,208,1760785169.000237,,,
24076,1,svm,max,balanced,tfidf,209,1760785169.2760944,,,
26571,0,svm,max,balanced,tfidf,210,1760785169.5635474,,,
23041,0,svm,max,balanced,tfidf,211,1760785169.9082778,,,
35412,0,svm,max,balanced,tfidf,212,1760785170.2473168,,,
9213,0,svm,max,balanced,tfidf,213,1760785170.5266488,,,
12687,0,svm,max,balanced,tfidf,214,1760785170.8320043,,,
4347,0,svm,max,balanced,tfidf,215,1760785171.0754151,,,
2102,0,svm,max,balanced,tfidf,216,1760785171.2766814,,,
36314,0,svm,max,balanced,tfidf,217,1760785171.4790223,,,
19510,0,svm,max,balanced,tfidf,218,1760785171.6602902,,,
19407,0,svm,max,balanced,tfidf,219,1760785171.820578,,,
32432,0,svm,max,balanced,tfidf,220,1760785171.994091,,,
6476,0,svm,max,balanced,tfidf,221,1760785172.2115514,,,
26151,0,svm,max,balanced,tfidf,222,1760785172.4085493,,,
37410,0,svm,max,balanced,tfidf,223,1760785172.5580869,,,
22420,0,svm,max,balanced,tfidf,224,1760785172.688715,,,
22389,0,svm,max,balanced,tfidf,225,1760785172.8583715,,,
12469,0,svm,max,balanced,tfidf,226,1760785172.99292,,,
4644,0,svm,max,balanced,tfidf,227,1760785173.140363,,,
7538,0,svm,max,balanced,tfidf,228,1760785173.2885156,,,
22992,0,svm,max,balanced,tfidf,229,1760785173.431892,,,
17873,0,svm,max,balanced,tfidf,230,1760785173.5601947,,,
17368,1,svm,max,balanced,tfidf,231,1760785173.691465,,,
13333,0,svm,max,balanced,tfidf,232,1760785173.805673,,,
13043,1,svm,max,balanced,tfidf,233,1760785173.9432461,,,
18487,1,svm,max,balanced,tfidf,234,1760785174.1125567,,,
12424,0,svm,max,balanced,tfidf,235,1760785174.258186,,,
3383,0,svm,max,balanced,tfidf,236,1760785174.4424949,,,
30807,1,svm,max,balanced,tfidf,237,1760785174.6132731,,,
32996,0,svm,max,balanced,tfidf,238,1760785174.7745228,,,
29081,0,svm,max,balanced,tfidf,239,1760785174.9594297,,,
24683,0,svm,max,balanced,tfidf,240,1760785175.2092235,,,
35630,0,svm,max,balanced,tfidf,241,1760785175.4275122,,,
15595,0,svm,max,balanced,tfidf,242,1760785175.6274724,,,
6090,0,svm,max,balanced,tfidf,243,1760785175.7936242,,,
922,0,svm,max,balanced,tfidf,244,1760785175.951317,,,
32674,0,svm,max,balanced,tfidf,245,1760785176.0940511,,,
9124,0,svm,max,balanced,tfidf,246,1760785176.2419739,,,
20360,0,svm,max,balanced,tfidf,247,1760785176.3877418,,,
24472,0,svm,max,balanced,tfidf,248,1760785176.5916677,,,
10427,0,svm,max,balanced,tfidf,249,1760785176.7629826,,,
31650,0,svm,max,balanced,tfidf,250,1760785176.932153,,,
27218,0,svm,max,balanced,tfidf,251,1760785177.0730178,,,
14682,0,svm,max,balanced,tfidf,252,1760785177.2405627,,,
17464,0,svm,max,balanced,tfidf,253,1760785177.3955355,,,
31897,0,svm,max,balanced,tfidf,254,1760785177.5428452,,,
757,0,svm,max,balanced,tfidf,255,1760785177.6729026,,,
5253,0,svm,max,balanced,tfidf,256,1760785177.8248184,,,
35131,0,svm,max,balanced,tfidf,257,1760785178.0054119,,,
6897,0,svm,max,balanced,tfidf,258,1760785178.158944,,,
10962,0,svm,max,balanced,tfidf,259,1760785178.2947528,,,
32530,0,svm,max,balanced,tfidf,260,1760785178.4407382,,,
13474,0,svm,max,balanced,tfidf,261,1760785178.579286,,,
5369,0,svm,max,balanced,tfidf,262,1760785178.7386956,,,
26899,0,svm,max,balanced,tfidf,263,1760785178.878044,,,
35853,0,svm,max,balanced,tfidf,264,1760785179.0077696,,,
26280,0,svm,max,balanced,tfidf,265,1760785179.1842668,,,
2245,0,svm,max,balanced,tfidf,266,1760785179.3267143,,,
7664,0,svm,max,balanced,tfidf,267,1760785179.46475,,,
24548,0,svm,max,balanced,tfidf,268,1760785179.607862,,,
30326,0,svm,max,balanced,tfidf,269,1760785179.7310858,,,
34129,0,svm,max,balanced,tfidf,270,1760785179.864585,,,
34210,1,svm,max,balanced,tfidf,271,1760785179.9813504,,,
32146,0,svm,max,balanced,tfidf,272,1760785180.1077478,,,
23708,0,svm,max,balanced,tfidf,273,1760785180.2446535,,,
7685,0,svm,max,balanced,tfidf,274,1760785180.360973,,,
15577,0,svm,max,balanced,tfidf,275,1760785180.513755,,,
30810,0,svm,max,balanced,tfidf,276,1760785180.6483104,,,
29563,0,svm,max,balanced,tfidf,277,1760785180.7817743,,,
1322,0,svm,max,balanced,tfidf,278,1760785180.915476,,,
98,0,svm,max,balanced,tfidf,279,1760785181.0635185,,,
12414,0,svm,max,balanced,tfidf,280,1760785181.1980531,,,
2899,0,svm,max,balanced,tfidf,281,1760785181.3782763,,,
30425,0,svm,max,balanced,tfidf,282,1760785181.5217018,,,
32542,0,svm,max,balanced,tfidf,283,1760785181.6591334,,,
2184,0,svm,max,balanced,tfidf,284,1760785181.8168843,,,
19275,0,svm,max,balanced,tfidf,285,1760785181.96752,,,
23408,0,svm,max,balanced,tfidf,286,1760785182.1357994,,,
9485,1,svm,max,balanced,tfidf,287,1760785182.264957,,,
37488,0,svm,max,balanced,tfidf,288,1760785182.3927214,,,
17955,0,svm,max,balanced,tfidf,289,1760785182.52558,,,
23705,0,svm,max,balanced,tfidf,290,1760785182.6488538,,,
4062,0,svm,max,balanced,tfidf,291,1760785182.7613294,,,
8438,0,svm,max,balanced,tfidf,292,1760785182.890437,,,
29859,0,svm,max,balanced,tfidf,293,1760785183.008512,,,
15649,0,svm,max,balanced,tfidf,294,1760785183.1362164,,,
14388,0,svm,max,balanced,tfidf,295,1760785183.2956133,,,
35532,0,svm,max,balanced,tfidf,296,1760785183.4231336,,,
9854,0,svm,max,balanced,tfidf,297,1760785183.5509927,,,
10955,0,svm,max,balanced,tfidf,298,1760785183.6624482,,,
37655,0,svm,max,balanced,tfidf,299,1760785183.7966008,,,
29997,0,svm,max,balanced,tfidf,300,1760785183.9233892,,,
10917,0,svm,max,balanced,tfidf,301,1760785184.0451846,,,
30726,0,svm,max,balanced,tfidf,302,1760785184.1901758,,,
26290,0,svm,max,balanced,tfidf,303,1760785184.3258767,,,
33137,0,svm,max,balanced,tfidf,304,1760785184.4731917,,,
34394,0,svm,max,balanced,tfidf,305,1760785184.6016316,,,
20304,0,svm,max,balanced,tfidf,306,1760785184.718378,,,
20912,0,svm,max,balanced,tfidf,307,1760785184.853297,,,
20183,0,svm,max,balanced,tfidf,308,1760785184.9847898,,,
13393,0,svm,max,balanced,tfidf,309,1760785185.1173298,,,
13618,0,svm,max,balanced,tfidf,310,1760785185.2350318,,,
10311,0,svm,max,balanced,tfidf,311,1760785185.3795667,,,
25029,0,svm,max,balanced,tfidf,312,1760785185.5091481,,,
37176,0,svm,max,balanced,tfidf,313,1760785185.636687,,,
27823,0,svm,max,balanced,tfidf,314,1760785185.7660646,,,
35315,0,svm,max,balanced,tfidf,315,1760785185.8799372,,,
28535,0,svm,max,balanced,tfidf,316,1760785186.0093548,,,
3423,0,svm,max,balanced,tfidf,317,1760785186.1394317,,,
13325,0,svm,max,balanced,tfidf,318,1760785186.2660704,,,
15844,0,svm,max,balanced,tfidf,319,1760785186.3836067,,,
10968,0,svm,max,balanced,tfidf,320,1760785186.4970407,,,
20733,0,svm,max,balanced,tfidf,321,1760785186.6222603,,,
34061,0,svm,max,balanced,tfidf,322,1760785186.7510004,,,
27795,0,svm,max,balanced,tfidf,323,1760785186.878214,,,
34127,0,svm,max,balanced,tfidf,324,1760785186.9951043,,,
23506,0,svm,max,balanced,tfidf,325,1760785187.1220129,,,
27182,0,svm,max,balanced,tfidf,326,1760785187.2364216,,,
2719,0,svm,max,balanced,tfidf,327,1760785187.3636863,,,
29946,0,svm,max,balanced,tfidf,328,1760785187.4960225,,,
10923,0,svm,max,balanced,tfidf,329,1760785187.6582072,,,
8167,0,svm,max,balanced,tfidf,330,1760785187.8650708,,,
30971,0,svm,max,balanced,tfidf,331,1760785187.9991853,,,
5873,0,svm,max,balanced,tfidf,332,1760785188.1426075,,,
7398,0,svm,max,balanced,tfidf,333,1760785188.3016632,,,
9356,0,svm,max,balanced,tfidf,334,1760785188.4655702,,,
23323,0,svm,max,balanced,tfidf,335,1760785188.6340346,,,
16490,0,svm,max,balanced,tfidf,336,1760785188.745973,,,
10713,0,svm,max,balanced,tfidf,337,1760785188.8842332,,,
17202,0,svm,max,balanced,tfidf,338,1760785188.9958005,,,
2226,0,svm,max,balanced,tfidf,339,1760785189.12938,,,
6701,0,svm,max,balanced,tfidf,340,1760785189.3013406,,,
10567,0,svm,max,balanced,tfidf,341,1760785189.4546025,,,
1579,0,svm,max,balanced,tfidf,342,1760785189.607318,,,
9756,0,svm,max,balanced,tfidf,343,1760785189.750633,,,
16877,0,svm,max,balanced,tfidf,344,1760785189.8975775,,,
14528,0,svm,max,balanced,tfidf,345,1760785190.0131233,,,
30690,0,svm,max,balanced,tfidf,346,1760785190.147321,,,
27931,0,svm,max,balanced,tfidf,347,1760785190.327882,,,
2418,0,svm,max,balanced,tfidf,348,1760785190.463072,,,
12375,0,svm,max,balanced,tfidf,349,1760785190.6041427,,,
25264,0,svm,max,balanced,tfidf,350,1760785190.730305,,,
34906,0,svm,max,balanced,tfidf,351,1760785190.8510087,,,
8441,0,svm,max,balanced,tfidf,352,1760785190.9787707,,,
21104,0,svm,max,balanced,tfidf,353,1760785191.090236,,,
27074,1,svm,max,balanced,tfidf,354,1760785191.22617,,,
3247,0,svm,max,balanced,tfidf,355,1760785191.3475742,,,
14599,0,svm,max,balanced,tfidf,356,1760785191.479506,,,
14669,0,svm,max,balanced,tfidf,357,1760785191.6067305,,,
14226,0,svm,max,balanced,tfidf,358,1760785191.7474713,,,
12176,0,svm,max,balanced,tfidf,359,1760785191.88389,,,
10461,0,svm,max,balanced,tfidf,360,1760785192.0285823,,,
6444,0,svm,max,balanced,tfidf,361,1760785192.153565,,,
34093,0,svm,max,balanced,tfidf,362,1760785192.295816,,,
29760,0,svm,max,balanced,tfidf,363,1760785192.4149008,,,
8628,0,svm,max,balanced,tfidf,364,1760785192.5423315,,,
16692,0,svm,max,balanced,tfidf,365,1760785192.6700995,,,
20877,0,svm,max,balanced,tfidf,366,1760785192.8043764,,,
18720,0,svm,max,balanced,tfidf,367,1760785192.9467175,,,
9069,0,svm,max,balanced,tfidf,368,1760785193.1086526,,,
35930,0,svm,max,balanced,tfidf,369,1760785193.2659278,,,
5174,0,svm,max,balanced,tfidf,370,1760785193.4026742,,,
29728,0,svm,max,balanced,tfidf,371,1760785193.557124,,,
27254,0,svm,max,balanced,tfidf,372,1760785193.6879475,,,
24709,0,svm,max,balanced,tfidf,373,1760785193.8201687,,,
1943,0,svm,max,balanced,tfidf,374,1760785193.9485657,,,
28102,0,svm,max,balanced,tfidf,375,1760785194.106677,,,
10893,0,svm,max,balanced,tfidf,376,1760785194.2518568,,,
28831,0,svm,max,balanced,tfidf,377,1760785194.420476,,,
14671,0,svm,max,balanced,tfidf,378,1760785194.5923033,,,
30651,0,svm,max,balanced,tfidf,379,1760785194.7513661,,,
13874,0,svm,max,balanced,tfidf,380,1760785194.9553874,,,
9808,0,svm,max,balanced,tfidf,381,1760785195.0888703,,,
19786,0,svm,max,balanced,tfidf,382,1760785195.2137885,,,
33505,0,svm,max,balanced,tfidf,383,1760785195.3394232,,,
20846,0,svm,max,balanced,tfidf,384,1760785195.4692395,,,
23171,0,svm,max,balanced,tfidf,385,1760785195.6036015,,,
16282,0,svm,max,balanced,tfidf,386,1760785195.7150035,,,
7186,0,svm,max,balanced,tfidf,387,1760785195.8429759,,,
22178,0,svm,max,balanced,tfidf,388,1760785195.969305,,,
3958,0,svm,max,balanced,tfidf,389,1760785196.1039937,,,
7960,0,svm,max,balanced,tfidf,390,1760785196.2467,,,
746,0,svm,max,balanced,tfidf,391,1760785196.4070237,,,
14044,0,svm,max,balanced,tfidf,392,1760785196.541163,,,
33087,0,svm,max,balanced,tfidf,393,1760785196.6982949,,,
13489,0,svm,max,balanced,tfidf,394,1760785196.8393953,,,
4824,0,svm,max,balanced,tfidf,395,1760785197.0436296,,,
20916,0,svm,max,balanced,tfidf,396,1760785197.205519,,,
30635,0,svm,max,balanced,tfidf,397,1760785197.3556166,,,
29974,0,svm,max,balanced,tfidf,398,1760785197.4892714,,,
25999,1,svm,max,balanced,tfidf,399,1760785197.6224372,,,
34786,0,svm,max,balanced,tfidf,400,1760785197.756821,,,
26999,1,svm,max,balanced,tfidf,401,1760785197.872734,,,
31111,0,svm,max,balanced,tfidf,402,1760785198.020206,,,
17461,0,svm,max,balanced,tfidf,403,1760785198.1602526,,,
24795,0,svm,max,balanced,tfidf,404,1760785198.28938,,,
32108,0,svm,max,balanced,tfidf,405,1760785198.4228985,,,
32000,0,svm,max,balanced,tfidf,406,1760785198.565572,,,
12365,0,svm,max,balanced,tfidf,407,1760785198.7220964,,,
25708,0,svm,max,balanced,tfidf,408,1760785198.881306,,,
15797,0,svm,max,balanced,tfidf,409,1760785198.9901814,,,
21039,0,svm,max,balanced,tfidf,410,1760785199.123722,,,
32672,0,svm,max,balanced,tfidf,411,1760785199.2590268,,,
10569,0,svm,max,balanced,tfidf,412,1760785199.383241,,,
7425,0,svm,max,balanced,tfidf,413,1760785199.5072043,,,
5697,0,svm,max,balanced,tfidf,414,1760785199.6241193,,,
18299,0,svm,max,balanced,tfidf,415,1760785199.767179,,,
13705,0,svm,max,balanced,tfidf,416,1760785199.9061866,,,
4373,0,svm,max,balanced,tfidf,417,1760785200.0639193,,,
3990,0,svm,max,balanced,tfidf,418,1760785200.1912448,,,
26228,0,svm,max,balanced,tfidf,419,1760785200.3245428,,,
35894,0,svm,max,balanced,tfidf,420,1760785200.461607,,,
37054,0,svm,max,balanced,tfidf,421,1760785200.5745873,,,
16211,1,svm,max,balanced,tfidf,422,1760785200.7148876,,,
13356,0,svm,max,balanced,tfidf,423,1760785200.8422186,,,
7560,0,svm,max,balanced,tfidf,424,1760785200.9749963,,,
27532,0,svm,max,balanced,tfidf,425,1760785201.0919523,,,
13944,0,svm,max,balanced,tfidf,426,1760785201.225159,,,
33066,0,svm,max,balanced,tfidf,427,1760785201.3575532,,,
18863,0,svm,max,balanced,tfidf,428,1760785201.4971747,,,
10609,0,svm,max,balanced,tfidf,429,1760785201.6270158,,,
9590,0,svm,max,balanced,tfidf,430,1760785201.792993,,,
37588,0,svm,max,balanced,tfidf,431,1760785201.9440143,,,
21682,0,svm,max,balanced,tfidf,432,1760785202.0775049,,,
34960,0,svm,max,balanced,tfidf,433,1760785202.227207,,,
12559,0,svm,max,balanced,tfidf,434,1760785202.3592172,,,
13531,0,svm,max,balanced,tfidf,435,1760785202.4888659,,,
33160,0,svm,max,balanced,tfidf,436,1760785202.6096091,,,
7330,0,svm,max,balanced,tfidf,437,1760785202.7594476,,,
25538,0,svm,max,balanced,tfidf,438,1760785202.8890731,,,
26957,1,svm,max,balanced,tfidf,439,1760785203.0092597,,,
25638,0,svm,max,balanced,tfidf,440,1760785203.1648052,,,
26527,0,svm,max,balanced,tfidf,441,1760785203.31077,,,
32316,0,svm,max,balanced,tfidf,442,1760785203.4434574,,,
7307,0,svm,max,balanced,tfidf,443,1760785203.5954,,,
32185,0,svm,max,balanced,tfidf,444,1760785203.7337863,,,
4532,0,svm,max,balanced,tfidf,445,1760785203.8672285,,,
7782,0,svm,max,balanced,tfidf,446,1760785204.009221,,,
21564,0,svm,max,balanced,tfidf,447,1760785204.1451695,,,
577,0,svm,max,balanced,tfidf,448,1760785204.277223,,,
21056,0,svm,max,balanced,tfidf,449,1760785204.4375405,,,
14734,0,svm,max,balanced,tfidf,450,1760785204.5773466,,,
34422,0,svm,max,balanced,tfidf,451,1760785204.69409,,,
16830,0,svm,max,balanced,tfidf,452,1760785204.8276596,,,
9927,0,svm,max,balanced,tfidf,453,1760785204.960698,,,
33800,0,svm,max,balanced,tfidf,454,1760785205.0945275,,,
10824,0,svm,max,balanced,tfidf,455,1760785205.2436585,,,
8995,0,svm,max,balanced,tfidf,456,1760785205.4112523,,,
15745,0,svm,max,balanced,tfidf,457,1760785205.59466,,,
29283,0,svm,max,balanced,tfidf,458,1760785205.7614405,,,
34743,0,svm,max,balanced,tfidf,459,1760785205.8947504,,,
37674,0,svm,max,balanced,tfidf,460,1760785206.0284219,,,
4717,0,svm,max,balanced,tfidf,461,1760785206.161607,,,
15605,0,svm,max,balanced,tfidf,462,1760785206.279156,,,
1328,0,svm,max,balanced,tfidf,463,1760785206.4120119,,,
35661,0,svm,max,balanced,tfidf,464,1760785206.545347,,,
21724,0,svm,max,balanced,tfidf,465,1760785206.6788232,,,
18675,0,svm,max,balanced,tfidf,466,1760785206.7957022,,,
28355,0,svm,max,balanced,tfidf,467,1760785206.9291716,,,
6326,0,svm,max,balanced,tfidf,468,1760785207.062469,,,
20755,0,svm,max,balanced,tfidf,469,1760785207.1793783,,,
33438,0,svm,max,balanced,tfidf,470,1760785207.3122113,,,
22429,0,svm,max,balanced,tfidf,471,1760785207.4629204,,,
19596,0,svm,max,balanced,tfidf,472,1760785207.5961788,,,
31072,0,svm,max,balanced,tfidf,473,1760785207.7278814,,,
20493,0,svm,max,balanced,tfidf,474,1760785207.8463962,,,
20079,0,svm,max,balanced,tfidf,475,1760785207.979697,,,
36053,0,svm,max,balanced,tfidf,476,1760785208.113322,,,
25751,0,svm,max,balanced,tfidf,477,1760785208.2450137,,,
31908,0,svm,max,balanced,tfidf,478,1760785208.3636186,,,
12646,0,svm,max,balanced,tfidf,479,1760785208.4970758,,,
17477,0,svm,max,balanced,tfidf,480,1760785208.629346,,,
12120,0,svm,max,balanced,tfidf,481,1760785208.7468393,,,
23929,0,svm,max,balanced,tfidf,482,1760785208.8803768,,,
19514,0,svm,max,balanced,tfidf,483,1760785209.0140128,,,
3808,0,svm,max,balanced,tfidf,484,1760785209.1498716,,,
29581,0,svm,max,balanced,tfidf,485,1760785209.279145,,,
8467,0,svm,max,balanced,tfidf,486,1760785209.397391,,,
8164,0,svm,max,balanced,tfidf,487,1760785209.5476964,,,
26939,0,svm,max,balanced,tfidf,488,1760785209.6801274,,,
15831,0,svm,max,balanced,tfidf,489,1760785209.801752,,,
21365,0,svm,max,balanced,tfidf,490,1760785209.931345,,,
10261,0,svm,max,balanced,tfidf,491,1760785210.0646174,,,
10290,0,svm,max,balanced,tfidf,492,1760785210.1815202,,,
6132,0,svm,max,balanced,tfidf,493,1760785210.3191044,,,
11290,0,svm,max,balanced,tfidf,494,1760785210.4482503,,,
1629,0,svm,max,balanced,tfidf,495,1760785210.5649612,,,
14125,0,svm,max,balanced,tfidf,496,1760785210.6985574,,,
3233,0,svm,max,balanced,tfidf,497,1760785210.868722,,,
37970,0,svm,max,balanced,tfidf,498,1760785210.9987407,,,
18558,0,svm,max,balanced,tfidf,499,1760785211.1155152,,,
21112,0,svm,max,balanced,tfidf,500,1760785211.2489386,,,
36759,0,svm,max,balanced,tfidf,501,1760785211.4015465,,,
32785,0,svm,max,balanced,tfidf,502,1760785211.5647826,,,
25816,0,svm,max,balanced,tfidf,503,1760785211.736938,,,
24899,0,svm,max,balanced,tfidf,504,1760785211.9154792,,,
37167,0,svm,max,balanced,tfidf,505,1760785212.0495389,,,
30999,0,svm,max,balanced,tfidf,506,1760785212.1661115,,,
26768,1,svm,max,balanced,tfidf,507,1760785212.2997375,,,
383,1,svm,max,balanced,tfidf,508,1760785212.4328618,,,
30917,0,svm,max,balanced,tfidf,509,1760785212.5592377,,,
4214,0,svm,max,balanced,tfidf,510,1760785212.6991234,,,
16707,0,svm,max,balanced,tfidf,511,1760785212.8755794,,,
35636,0,svm,max,balanced,tfidf,512,1760785213.0335045,,,
28956,0,svm,max,balanced,tfidf,513,1760785213.2071767,,,
25969,0,svm,max,balanced,tfidf,514,1760785213.3823605,,,
18024,0,svm,max,balanced,tfidf,515,1760785213.5716364,,,
34587,0,svm,max,balanced,tfidf,516,1760785213.8258848,,,
37877,0,svm,max,balanced,tfidf,517,1760785214.05074,,,
25547,0,svm,max,balanced,tfidf,518,1760785214.2519045,,,
21285,0,svm,max,balanced,tfidf,519,1760785214.5035298,,,
2436,0,svm,max,balanced,tfidf,520,1760785214.6934328,,,
31425,0,svm,max,balanced,tfidf,521,1760785214.921437,,,
23058,0,svm,max,balanced,tfidf,522,1760785215.0683625,,,
27418,0,svm,max,balanced,tfidf,523,1760785215.2290266,,,
13495,0,svm,max,balanced,tfidf,524,1760785215.3851626,,,
35626,0,svm,max,balanced,tfidf,525,1760785215.5232575,,,
25226,0,svm,max,balanced,tfidf,526,1760785215.6762977,,,
33702,0,svm,max,balanced,tfidf,527,1760785215.8350227,,,
10308,0,svm,max,balanced,tfidf,528,1760785216.004624,,,
12364,0,svm,max,balanced,tfidf,529,1760785216.2233448,,,
32992,0,svm,max,balanced,tfidf,530,1760785216.3857863,,,
36438,0,svm,max,balanced,tfidf,531,1760785216.5409384,,,
2420,0,svm,max,balanced,tfidf,532,1760785216.6689682,,,
14650,0,svm,max,balanced,tfidf,533,1760785216.802751,,,
23460,0,svm,max,balanced,tfidf,534,1760785216.9194794,,,
17396,0,svm,max,balanced,tfidf,535,1760785217.0528226,,,
3585,0,svm,max,balanced,tfidf,536,1760785217.1860394,,,
35934,0,svm,max,balanced,tfidf,537,1760785217.3197331,,,
13206,0,svm,max,balanced,tfidf,538,1760785217.4513764,,,
13561,0,svm,max,balanced,tfidf,539,1760785217.570405,,,
5668,0,svm,max,balanced,tfidf,540,1760785217.711706,,,
30018,0,svm,max,balanced,tfidf,541,1760785217.8403313,,,
37837,0,svm,max,balanced,tfidf,542,1760785217.9535553,,,
12635,0,svm,max,balanced,tfidf,543,1760785218.0870705,,,
26184,0,svm,max,balanced,tfidf,544,1760785218.2204823,,,
21063,0,svm,max,balanced,tfidf,545,1760785218.352943,,,
9503,0,svm,max,balanced,tfidf,546,1760785218.497174,,,
31495,0,svm,max,balanced,tfidf,547,1760785218.62055,,,
1459,0,svm,max,balanced,tfidf,548,1760785218.7667022,,,
23422,0,svm,max,balanced,tfidf,549,1760785218.8875122,,,
33772,0,svm,max,balanced,tfidf,550,1760785219.0279531,,,
33460,0,svm,max,balanced,tfidf,551,1760785219.154346,,,
17593,0,svm,max,balanced,tfidf,552,1760785219.2878308,,,
11944,0,svm,max,balanced,tfidf,553,1760785219.4046383,,,
20611,0,svm,max,balanced,tfidf,554,1760785219.5381877,,,
23738,0,svm,max,balanced,tfidf,555,1760785219.6709583,,,
10553,0,svm,max,balanced,tfidf,556,1760785219.8048704,,,
17754,0,svm,max,balanced,tfidf,557,1760785219.9383035,,,
34629,0,svm,max,balanced,tfidf,558,1760785220.071873,,,
12338,0,svm,max,balanced,tfidf,559,1760785220.2051427,,,
31455,0,svm,max,balanced,tfidf,560,1760785220.3384132,,,
233,0,svm,max,balanced,tfidf,561,1760785220.4718723,,,
7909,0,svm,max,balanced,tfidf,562,1760785220.6049318,,,
9103,0,svm,max,balanced,tfidf,563,1760785220.7389226,,,
28152,0,svm,max,balanced,tfidf,564,1760785220.8793743,,,
6694,0,svm,max,balanced,tfidf,565,1760785221.0054674,,,
18731,0,svm,max,balanced,tfidf,566,1760785221.1380477,,,
33044,0,svm,max,balanced,tfidf,567,1760785221.2646706,,,
11576,0,svm,max,balanced,tfidf,568,1760785221.389382,,,
2912,0,svm,max,balanced,tfidf,569,1760785221.5368035,,,
35411,0,svm,max,balanced,tfidf,570,1760785221.6716893,,,
6393,0,svm,max,balanced,tfidf,571,1760785221.7895007,,,
21132,0,svm,max,balanced,tfidf,572,1760785221.9304988,,,
22534,0,svm,max,balanced,tfidf,573,1760785222.0668502,,,
4134,0,svm,max,balanced,tfidf,574,1760785222.2398016,,,
4857,0,svm,max,balanced,tfidf,575,1760785222.3911748,,,
30824,0,svm,max,balanced,tfidf,576,1760785222.5735302,,,
25290,0,svm,max,balanced,tfidf,577,1760785222.7678869,,,
10418,0,svm,max,balanced,tfidf,578,1760785222.9730392,,,
33989,0,svm,max,balanced,tfidf,579,1760785223.1873617,,,
24066,0,svm,max,balanced,tfidf,580,1760785223.35712,,,
11745,0,svm,max,balanced,tfidf,581,1760785223.5240142,,,
32961,0,svm,max,balanced,tfidf,582,1760785223.718561,,,
10278,0,svm,max,balanced,tfidf,583,1760785223.9241621,,,
31012,0,svm,max,balanced,tfidf,584,1760785224.0901942,,,
32596,0,svm,max,balanced,tfidf,585,1760785224.2079458,,,
2515,0,svm,max,balanced,tfidf,586,1760785224.3413932,,,
15271,0,svm,max,balanced,tfidf,587,1760785224.4746814,,,
23442,0,svm,max,balanced,tfidf,588,1760785224.6082053,,,
37657,0,svm,max,balanced,tfidf,589,1760785224.7416036,,,
1850,0,svm,max,balanced,tfidf,590,1760785224.8748643,,,
6851,0,svm,max,balanced,tfidf,591,1760785225.0247834,,,
29151,0,svm,max,balanced,tfidf,592,1760785225.161623,,,
37717,0,svm,max,balanced,tfidf,593,1760785225.291769,,,
9787,0,svm,max,balanced,tfidf,594,1760785225.424372,,,
26154,0,svm,max,balanced,tfidf,595,1760785225.5579188,,,
34346,0,svm,max,balanced,tfidf,596,1760785225.691054,,,
11367,0,svm,max,balanced,tfidf,597,1760785225.8090844,,,
16646,0,svm,max,balanced,tfidf,598,1760785225.9922712,,,
37000,0,svm,max,balanced,tfidf,599,1760785226.1427376,,,
32389,0,svm,max,balanced,tfidf,600,1760785226.3093302,,,
28789,0,svm,max,balanced,tfidf,601,1760785226.4595063,,,
7655,0,svm,max,balanced,tfidf,602,1760785226.5928214,,,
33811,0,svm,max,balanced,tfidf,603,1760785226.726379,,,
30986,0,svm,max,balanced,tfidf,604,1760785226.8599737,,,
34460,0,svm,max,balanced,tfidf,605,1760785226.9894953,,,
36531,0,svm,max,balanced,tfidf,606,1760785227.1097262,,,
25142,0,svm,max,balanced,tfidf,607,1760785227.2601311,,,
9962,0,svm,max,balanced,tfidf,608,1760785227.3933249,,,
10283,0,svm,max,balanced,tfidf,609,1760785227.52689,,,
27372,0,svm,max,balanced,tfidf,610,1760785227.6438334,,,
1940,0,svm,max,balanced,tfidf,611,1760785227.7899206,,,
6626,0,svm,max,balanced,tfidf,612,1760785227.910261,,,
29569,0,svm,max,balanced,tfidf,613,1760785228.0940342,,,
5083,0,svm,max,balanced,tfidf,614,1760785228.2441733,,,
15203,0,svm,max,balanced,tfidf,615,1760785228.4323022,,,
37052,0,svm,max,balanced,tfidf,616,1760785228.6082838,,,
34140,0,svm,max,balanced,tfidf,617,1760785228.7646818,,,
21635,0,svm,max,balanced,tfidf,618,1760785228.9446707,,,
883,0,svm,max,balanced,tfidf,619,1760785229.0947611,,,
13899,0,svm,max,balanced,tfidf,620,1760785229.211618,,,
24815,0,svm,max,balanced,tfidf,621,1760785229.3785956,,,
21409,0,svm,max,balanced,tfidf,622,1760785229.5277276,,,
24711,0,svm,max,balanced,tfidf,623,1760785229.7115126,,,
30137,0,svm,max,balanced,tfidf,624,1760785229.8846707,,,
6570,0,svm,max,balanced,tfidf,625,1760785230.0286708,,,
28886,0,svm,max,balanced,tfidf,626,1760785230.1786692,,,
4016,0,svm,max,balanced,tfidf,627,1760785230.3286672,,,
7670,0,svm,max,balanced,tfidf,628,1760785230.4934428,,,
18217,0,svm,max,balanced,tfidf,629,1760785230.628983,,,
15445,0,svm,max,balanced,tfidf,630,1760785230.7848976,,,
19431,0,svm,max,balanced,tfidf,631,1760785230.9282959,,,
7036,0,svm,max,balanced,tfidf,632,1760785231.0959888,,,
8132,0,svm,max,balanced,tfidf,633,1760785231.25077,,,
18655,0,svm,max,balanced,tfidf,634,1760785231.429783,,,
7256,0,svm,max,balanced,tfidf,635,1760785231.6000478,,,
29894,0,svm,max,balanced,tfidf,636,1760785231.7297602,,,
21648,0,svm,max,balanced,tfidf,637,1760785231.8797896,,,
20564,0,svm,max,balanced,tfidf,638,1760785232.0135055,,,
35831,0,svm,max,balanced,tfidf,639,1760785232.1471312,,,
23348,0,svm,max,balanced,tfidf,640,1760785232.2803333,,,
30631,0,svm,max,balanced,tfidf,641,1760785232.4137788,,,
25077,0,svm,max,balanced,tfidf,642,1760785232.5470865,,,
5610,0,svm,max,balanced,tfidf,643,1760785232.7125998,,,
34196,0,svm,max,balanced,tfidf,644,1760785232.8759875,,,
23582,0,svm,max,balanced,tfidf,645,1760785233.0142176,,,
29260,0,svm,max,balanced,tfidf,646,1760785233.1807995,,,
16473,0,svm,max,balanced,tfidf,647,1760785233.343777,,,
12529,0,svm,max,balanced,tfidf,648,1760785233.4979663,,,
37966,0,svm,max,balanced,tfidf,649,1760785233.664699,,,
28516,0,svm,max,balanced,tfidf,650,1760785233.8145344,,,
16915,0,svm,max,balanced,tfidf,651,1760785233.948096,,,
1409,0,svm,max,balanced,tfidf,652,1760785234.1149619,,,
7140,0,svm,max,balanced,tfidf,653,1760785234.2780576,,,
19601,0,svm,max,balanced,tfidf,654,1760785234.4810557,,,
15365,1,svm,max,balanced,tfidf,655,1760785234.660324,,,
15732,0,svm,max,balanced,tfidf,656,1760785234.8177834,,,
32945,0,svm,max,balanced,tfidf,657,1760785234.9820957,,,
5594,0,svm,max,balanced,tfidf,658,1760785235.1247468,,,
31283,0,svm,max,balanced,tfidf,659,1760785235.249224,,,
16296,0,svm,max,balanced,tfidf,660,1760785235.4054575,,,
27655,0,svm,max,balanced,tfidf,661,1760785235.565643,,,
17349,0,svm,max,balanced,tfidf,662,1760785235.7515283,,,
20900,0,svm,max,balanced,tfidf,663,1760785235.921626,,,
9625,0,svm,max,balanced,tfidf,664,1760785236.0496755,,,
5086,0,svm,max,balanced,tfidf,665,1760785236.2193646,,,
17465,0,svm,max,balanced,tfidf,666,1760785236.382967,,,
34495,0,svm,max,balanced,tfidf,667,1760785236.5940287,,,
15447,0,svm,max,balanced,tfidf,668,1760785236.7858706,,,
34101,0,svm,max,balanced,tfidf,669,1760785236.965775,,,
35915,0,svm,max,balanced,tfidf,670,1760785237.100434,,,
4603,0,svm,max,balanced,tfidf,671,1760785237.235414,,,
25749,0,svm,max,balanced,tfidf,672,1760785237.4004097,,,
10121,0,svm,max,balanced,tfidf,673,1760785237.5913036,,,
34796,0,svm,max,balanced,tfidf,674,1760785237.7341237,,,
18550,0,svm,max,balanced,tfidf,675,1760785237.8841012,,,
2772,0,svm,max,balanced,tfidf,676,1760785238.0174851,,,
10248,0,svm,max,balanced,tfidf,677,1760785238.165979,,,
29923,0,svm,max,balanced,tfidf,678,1760785238.2843778,,,
7809,0,svm,max,balanced,tfidf,679,1760785238.4277153,,,
10828,0,svm,max,balanced,tfidf,680,1760785238.551402,,,
15634,0,svm,max,balanced,tfidf,681,1760785238.6846836,,,
32060,0,svm,max,balanced,tfidf,682,1760785238.8260283,,,
31404,0,svm,max,balanced,tfidf,683,1760785238.9513915,,,
31864,0,svm,max,balanced,tfidf,684,1760785239.0850391,,,
5764,0,svm,max,balanced,tfidf,685,1760785239.2272584,,,
3522,0,svm,max,balanced,tfidf,686,1760785239.353735,,,
11415,0,svm,max,balanced,tfidf,687,1760785239.4854445,,,
31547,0,svm,max,balanced,tfidf,688,1760785239.625867,,,
34026,0,svm,max,balanced,tfidf,689,1760785239.7524493,,,
37894,0,svm,max,balanced,tfidf,690,1760785239.9257753,,,
1476,0,svm,max,balanced,tfidf,691,1760785240.0855339,,,
2877,0,svm,max,balanced,tfidf,692,1760785240.315999,,,
10275,0,svm,max,balanced,tfidf,693,1760785240.4712813,,,
7646,0,svm,max,balanced,tfidf,694,1760785240.6396813,,,
2145,0,svm,max,balanced,tfidf,695,1760785240.7693725,,,
36893,0,svm,max,balanced,tfidf,696,1760785240.9197118,,,
32941,0,svm,max,balanced,tfidf,697,1760785241.1031485,,,
3732,0,svm,max,balanced,tfidf,698,1760785241.2872045,,,
17004,0,svm,max,balanced,tfidf,699,1760785241.4535816,,,
3775,0,svm,max,balanced,tfidf,700,1760785241.60333,,,
18275,0,svm,max,balanced,tfidf,701,1760785241.7699864,,,
22665,0,svm,max,balanced,tfidf,702,1760785241.9437435,,,
27301,0,svm,max,balanced,tfidf,703,1760785242.1202176,,,
17161,0,svm,max,balanced,tfidf,704,1760785242.302151,,,
25880,0,svm,max,balanced,tfidf,705,1760785242.524078,,,
8650,0,svm,max,balanced,tfidf,706,1760785242.7040303,,,
23448,0,svm,max,balanced,tfidf,707,1760785242.8843875,,,
18499,0,svm,max,balanced,tfidf,708,1760785243.0544913,,,
24435,0,svm,max,balanced,tfidf,709,1760785243.2047262,,,
35599,0,svm,max,balanced,tfidf,710,1760785243.3711429,,,
30112,0,svm,max,balanced,tfidf,711,1760785243.5546641,,,
2925,0,svm,max,balanced,tfidf,712,1760785243.7070072,,,
18869,0,svm,max,balanced,tfidf,713,1760785243.8384242,,,
5173,0,svm,max,balanced,tfidf,714,1760785244.0543082,,,
18614,0,svm,max,balanced,tfidf,715,1760785244.2564893,,,
30280,0,svm,max,balanced,tfidf,716,1760785244.4053524,,,
12881,0,svm,max,balanced,tfidf,717,1760785244.6050959,,,
26811,0,svm,max,balanced,tfidf,718,1760785244.7720606,,,
32550,0,svm,max,balanced,tfidf,719,1760785244.9887836,,,
34467,0,svm,max,balanced,tfidf,720,1760785245.169782,,,
19732,0,svm,max,balanced,tfidf,721,1760785245.339211,,,
29416,0,svm,max,balanced,tfidf,722,1760785245.4892526,,,
3553,0,svm,max,balanced,tfidf,723,1760785245.6383572,,,
18642,0,svm,max,balanced,tfidf,724,1760785245.806645,,,
10724,0,svm,max,balanced,tfidf,725,1760785246.0059674,,,
17473,0,svm,max,balanced,tfidf,726,1760785246.202703,,,
3997,0,svm,max,balanced,tfidf,727,1760785246.3732927,,,
37650,0,svm,max,balanced,tfidf,728,1760785246.5236027,,,
128,0,svm,max,balanced,tfidf,729,1760785246.6736383,,,
11774,1,svm,max,balanced,tfidf,730,1760785246.8073208,,,
12128,0,svm,max,balanced,tfidf,731,1760785246.9758677,,,
34927,0,svm,max,balanced,tfidf,732,1760785247.1074495,,,
21632,0,svm,max,balanced,tfidf,733,1760785247.2741797,,,
13623,0,svm,max,balanced,tfidf,734,1760785247.424264,,,
26362,0,svm,max,balanced,tfidf,735,1760785247.6078267,,,
14353,0,svm,max,balanced,tfidf,736,1760785247.7976575,,,
33093,0,svm,max,balanced,tfidf,737,1760785247.9959319,,,
21580,0,svm,max,balanced,tfidf,738,1760785248.1621292,,,
7881,0,svm,max,balanced,tfidf,739,1760785248.3078434,,,
29819,0,svm,max,balanced,tfidf,740,1760785248.4413974,,,
29216,0,svm,max,balanced,tfidf,741,1760785248.5917222,,,
16843,0,svm,max,balanced,tfidf,742,1760785248.7251976,,,
21814,0,svm,max,balanced,tfidf,743,1760785248.8749893,,,
9468,0,svm,max,balanced,tfidf,744,1760785249.0086653,,,
7713,0,svm,max,balanced,tfidf,745,1760785249.1735876,,,
6573,0,svm,max,balanced,tfidf,746,1760785249.3251877,,,
28558,0,svm,max,balanced,tfidf,747,1760785249.4793665,,,
3998,0,svm,max,balanced,tfidf,748,1760785249.6089587,,,
28038,1,svm,max,balanced,tfidf,749,1760785249.7590826,,,
24336,0,svm,max,balanced,tfidf,750,1760785249.9093058,,,
37623,0,svm,max,balanced,tfidf,751,1760785250.0599804,,,
24823,0,svm,max,balanced,tfidf,752,1760785250.24568,,,
2945,0,svm,max,balanced,tfidf,753,1760785250.434879,,,
11448,0,svm,max,balanced,tfidf,754,1760785250.6283207,,,
7013,0,svm,max,balanced,tfidf,755,1760785250.8295283,,,
13098,0,svm,max,balanced,tfidf,756,1760785250.9824374,,,
7455,0,svm,max,balanced,tfidf,757,1760785251.1269817,,,
33641,0,svm,max,balanced,tfidf,758,1760785251.2978806,,,
34623,0,svm,max,balanced,tfidf,759,1760785251.443868,,,
36633,0,svm,max,balanced,tfidf,760,1760785251.5937996,,,
5690,0,svm,max,balanced,tfidf,761,1760785251.7437725,,,
34300,0,svm,max,balanced,tfidf,762,1760785251.8948708,,,
4055,0,svm,max,balanced,tfidf,763,1760785252.0612547,,,
11431,0,svm,max,balanced,tfidf,764,1760785252.2276669,,,
4886,0,svm,max,balanced,tfidf,765,1760785252.3963675,,,
5486,0,svm,max,balanced,tfidf,766,1760785252.5463622,,,
21361,0,svm,max,balanced,tfidf,767,1760785252.6944602,,,
9427,0,svm,max,balanced,tfidf,768,1760785252.8281274,,,
1705,0,svm,max,balanced,tfidf,769,1760785252.9781487,,,
6651,0,svm,max,balanced,tfidf,770,1760785253.1278756,,,
18114,0,svm,max,balanced,tfidf,771,1760785253.3125405,,,
26574,0,svm,max,balanced,tfidf,772,1760785253.479879,,,
5401,0,svm,max,balanced,tfidf,773,1760785253.6305017,,,
29083,0,svm,max,balanced,tfidf,774,1760785253.7807088,,,
33646,0,svm,max,balanced,tfidf,775,1760785253.9295208,,,
7280,0,svm,max,balanced,tfidf,776,1760785254.079077,,,
12707,0,svm,max,balanced,tfidf,777,1760785254.2687235,,,
15601,0,svm,max,balanced,tfidf,778,1760785254.4295073,,,
16062,0,svm,max,balanced,tfidf,779,1760785254.595781,,,
10417,0,svm,max,balanced,tfidf,780,1760785254.7673948,,,
36419,0,svm,max,balanced,tfidf,781,1760785254.9457703,,,
18160,0,svm,max,balanced,tfidf,782,1760785255.0962496,,,
33259,0,svm,max,balanced,tfidf,783,1760785255.2453077,,,
36095,0,svm,max,balanced,tfidf,784,1760785255.4232302,,,
442,0,svm,max,balanced,tfidf,785,1760785255.585863,,,
4774,0,svm,max,balanced,tfidf,786,1760785255.7468555,,,
29401,0,svm,max,balanced,tfidf,787,1760785255.885791,,,
9420,0,svm,max,balanced,tfidf,788,1760785256.0299428,,,
24292,0,svm,max,balanced,tfidf,789,1760785256.1637907,,,
26221,0,svm,max,balanced,tfidf,790,1760785256.3137844,,,
2053,0,svm,max,balanced,tfidf,791,1760785256.4779372,,,
21010,0,svm,max,balanced,tfidf,792,1760785256.644634,,,
8732,0,svm,max,balanced,tfidf,793,1760785256.8018682,,,
19533,0,svm,max,balanced,tfidf,794,1760785256.9657476,,,
28054,0,svm,max,balanced,tfidf,795,1760785257.130118,,,
20745,0,svm,max,balanced,tfidf,796,1760785257.2874115,,,
34154,0,svm,max,balanced,tfidf,797,1760785257.4481,,,
14349,0,svm,max,balanced,tfidf,798,1760785257.6024842,,,
34983,0,svm,max,balanced,tfidf,799,1760785257.7498503,,,
49,0,svm,max,balanced,tfidf,800,1760785257.9000819,,,
34549,0,svm,max,balanced,tfidf,801,1760785258.0484276,,,
2223,0,svm,max,balanced,tfidf,802,1760785258.2043405,,,
12296,0,svm,max,balanced,tfidf,803,1760785258.363307,,,
37812,0,svm,max,balanced,tfidf,804,1760785258.5165992,,,
32966,0,svm,max,balanced,tfidf,805,1760785258.6782775,,,
34325,0,svm,max,balanced,tfidf,806,1760785258.8190546,,,
24830,0,svm,max,balanced,tfidf,807,1760785258.9667745,,,
26157,0,svm,max,balanced,tfidf,808,1760785259.1177723,,,
1501,0,svm,max,balanced,tfidf,809,1760785259.2652016,,,
20159,0,svm,max,balanced,tfidf,810,1760785259.414713,,,
3635,0,svm,max,balanced,tfidf,811,1760785259.5519724,,,
34901,0,svm,max,balanced,tfidf,812,1760785259.6987975,,,
590,0,svm,max,balanced,tfidf,813,1760785259.8900135,,,
34080,0,svm,max,balanced,tfidf,814,1760785260.1379879,,,
9388,0,svm,max,balanced,tfidf,815,1760785260.3215597,,,
21140,1,svm,max,balanced,tfidf,816,1760785260.5024507,,,
25730,0,svm,max,balanced,tfidf,817,1760785260.6683922,,,
32064,0,svm,max,balanced,tfidf,818,1760785260.818084,,,
1756,0,svm,max,balanced,tfidf,819,1760785260.9694712,,,
18188,0,svm,max,balanced,tfidf,820,1760785261.1055634,,,
24197,0,svm,max,balanced,tfidf,821,1760785261.2683513,,,
32051,0,svm,max,balanced,tfidf,822,1760785261.4186227,,,
15353,0,svm,max,balanced,tfidf,823,1760785261.5578299,,,
8084,0,svm,max,balanced,tfidf,824,1760785261.6928914,,,
18599,0,svm,max,balanced,tfidf,825,1760785261.8286455,,,
17373,0,svm,max,balanced,tfidf,826,1760785262.0052562,,,
12557,0,svm,max,balanced,tfidf,827,1760785262.1681645,,,
6741,0,svm,max,balanced,tfidf,828,1760785262.3395796,,,
2675,0,svm,max,balanced,tfidf,829,1760785262.4841213,,,
9694,0,svm,max,balanced,tfidf,830,1760785262.613427,,,
35294,0,svm,max,balanced,tfidf,831,1760785262.7592752,,,
28821,0,svm,max,balanced,tfidf,832,1760785262.9038813,,,
23267,0,svm,max,balanced,tfidf,833,1760785263.0697727,,,
14660,0,svm,max,balanced,tfidf,834,1760785263.2305746,,,
12476,0,svm,max,balanced,tfidf,835,1760785263.3739495,,,
16087,0,svm,max,balanced,tfidf,836,1760785263.5015407,,,
8869,0,svm,max,balanced,tfidf,837,1760785263.6354406,,,
31846,0,svm,max,balanced,tfidf,838,1760785263.797896,,,
19809,0,svm,max,balanced,tfidf,839,1760785263.9546666,,,
24455,0,svm,max,balanced,tfidf,840,1760785264.0845644,,,
38010,0,svm,max,balanced,tfidf,841,1760785264.227588,,,
1007,0,svm,max,balanced,tfidf,842,1760785264.3742201,,,
37101,0,svm,max,balanced,tfidf,843,1760785264.5378501,,,
1845,0,svm,max,balanced,tfidf,844,1760785264.666734,,,
14991,0,svm,max,balanced,tfidf,845,1760785264.8133535,,,
20605,0,svm,max,balanced,tfidf,846,1760785264.9550068,,,
18809,0,svm,max,balanced,tfidf,847,1760785265.1037726,,,
10259,0,svm,max,balanced,tfidf,848,1760785265.286669,,,
5415,0,svm,max,balanced,tfidf,849,1760785265.4338217,,,
35957,0,svm,max,balanced,tfidf,850,1760785265.604633,,,
30695,0,svm,max,balanced,tfidf,851,1760785265.7538705,,,
28277,0,svm,max,balanced,tfidf,852,1760785265.9006355,,,
26737,0,svm,max,balanced,tfidf,853,1760785266.1074555,,,
31571,0,svm,max,balanced,tfidf,854,1760785266.2591906,,,
29738,0,svm,max,balanced,tfidf,855,1760785266.408924,,,
24460,0,svm,max,balanced,tfidf,856,1760785266.5892527,,,
34257,0,svm,max,balanced,tfidf,857,1760785266.7421665,,,
6292,0,svm,max,balanced,tfidf,858,1760785266.9311707,,,
14407,0,svm,max,balanced,tfidf,859,1760785267.1094344,,,
35172,0,svm,max,balanced,tfidf,860,1760785267.2594938,,,
36838,0,svm,max,balanced,tfidf,861,1760785267.4182227,,,
11989,0,svm,max,balanced,tfidf,862,1760785267.592871,,,
25756,0,svm,max,balanced,tfidf,863,1760785267.7630172,,,
35222,0,svm,max,balanced,tfidf,864,1760785267.9551566,,,
31427,0,svm,max,balanced,tfidf,865,1760785268.1281426,,,
37088,0,svm,max,balanced,tfidf,866,1760785268.3115647,,,
196,0,svm,max,balanced,tfidf,867,1760785268.4602983,,,
29588,0,svm,max,balanced,tfidf,868,1760785268.6270456,,,
21749,0,svm,max,balanced,tfidf,869,1760785268.7883787,,,
36440,0,svm,max,balanced,tfidf,870,1760785268.9523277,,,
34067,0,svm,max,balanced,tfidf,871,1760785269.126403,,,
28670,0,svm,max,balanced,tfidf,872,1760785269.2790344,,,
19537,0,svm,max,balanced,tfidf,873,1760785269.430066,,,
2926,0,svm,max,balanced,tfidf,874,1760785269.5782883,,,
16533,0,svm,max,balanced,tfidf,875,1760785269.7180226,,,
29962,0,svm,max,balanced,tfidf,876,1760785269.8614004,,,
36473,0,svm,max,balanced,tfidf,877,1760785270.0086823,,,
5973,0,svm,max,balanced,tfidf,878,1760785270.1578093,,,
14854,0,svm,max,balanced,tfidf,879,1760785270.3182151,,,
29361,0,svm,max,balanced,tfidf,880,1760785270.4558306,,,
36713,0,svm,max,balanced,tfidf,881,1760785270.608083,,,
3392,0,svm,max,balanced,tfidf,882,1760785270.7559726,,,
3588,0,svm,max,balanced,tfidf,883,1760785270.905796,,,
27185,0,svm,max,balanced,tfidf,884,1760785271.0704505,,,
36445,0,svm,max,balanced,tfidf,885,1760785271.224097,,,
29677,0,svm,max,balanced,tfidf,886,1760785271.3669508,,,
29157,0,svm,max,balanced,tfidf,887,1760785271.505239,,,
8698,0,svm,max,balanced,tfidf,888,1760785271.6561885,,,
22806,0,svm,max,balanced,tfidf,889,1760785271.8045845,,,
18866,0,svm,max,balanced,tfidf,890,1760785271.95707,,,
12198,0,svm,max,balanced,tfidf,891,1760785272.101302,,,
26795,0,svm,max,balanced,tfidf,892,1760785272.2570052,,,
30745,0,svm,max,balanced,tfidf,893,1760785272.4098644,,,
24534,0,svm,max,balanced,tfidf,894,1760785272.5542202,,,
31337,0,svm,max,balanced,tfidf,895,1760785272.6905305,,,
374,0,svm,max,balanced,tfidf,896,1760785272.8402565,,,
29391,0,svm,max,balanced,tfidf,897,1760785272.9900768,,,
21473,0,svm,max,balanced,tfidf,898,1760785273.1507144,,,
26892,0,svm,max,balanced,tfidf,899,1760785273.3043687,,,
2593,0,svm,max,balanced,tfidf,900,1760785273.459401,,,
21550,0,svm,max,balanced,tfidf,901,1760785273.6071415,,,
31695,0,svm,max,balanced,tfidf,902,1760785273.742083,,,
9824,0,svm,max,balanced,tfidf,903,1760785273.8959901,,,
26331,0,svm,max,balanced,tfidf,904,1760785274.0389109,,,
26308,0,svm,max,balanced,tfidf,905,1760785274.2062519,,,
7108,0,svm,max,balanced,tfidf,906,1760785274.3571608,,,
2081,0,svm,max,balanced,tfidf,907,1760785274.506746,,,
37008,0,svm,max,balanced,tfidf,908,1760785274.6499293,,,
36057,0,svm,max,balanced,tfidf,909,1760785274.8102314,,,
1408,0,svm,max,balanced,tfidf,910,1760785274.944093,,,
18716,0,svm,max,balanced,tfidf,911,1760785275.0930061,,,
5188,0,svm,max,balanced,tfidf,912,1760785275.2482002,,,
2604,0,svm,max,balanced,tfidf,913,1760785275.4077175,,,
23727,0,svm,max,balanced,tfidf,914,1760785275.5616403,,,
10439,0,svm,max,balanced,tfidf,915,1760785275.7171736,,,
16513,0,svm,max,balanced,tfidf,916,1760785275.8606243,,,
4983,0,svm,max,balanced,tfidf,917,1760785276.01518,,,
5251,0,svm,max,balanced,tfidf,918,1760785276.1719146,,,
6118,0,svm,max,balanced,tfidf,919,1760785276.3106277,,,
11811,0,svm,max,balanced,tfidf,920,1760785276.4611359,,,
3413,0,svm,max,balanced,tfidf,921,1760785276.6452456,,,
3899,0,svm,max,balanced,tfidf,922,1760785276.816171,,,
37284,0,svm,max,balanced,tfidf,923,1760785277.0020025,,,
10238,0,svm,max,balanced,tfidf,924,1760785277.1793182,,,
16015,0,svm,max,balanced,tfidf,925,1760785277.3808916,,,
21978,0,svm,max,balanced,tfidf,926,1760785277.5983622,,,
14976,0,svm,max,balanced,tfidf,927,1760785277.8114164,,,
21700,0,svm,max,balanced,tfidf,928,1760785277.9853225,,,
3308,0,svm,max,balanced,tfidf,929,1760785278.163012,,,
15131,0,svm,max,balanced,tfidf,930,1760785278.3342857,,,
2442,0,svm,max,balanced,tfidf,931,1760785278.5010943,,,
33076,0,svm,max,balanced,tfidf,932,1760785278.6842897,,,
21415,0,svm,max,balanced,tfidf,933,1760785278.859743,,,
33836,0,svm,max,balanced,tfidf,934,1760785279.0345535,,,
17538,0,svm,max,balanced,tfidf,935,1760785279.2005923,,,
29945,0,svm,max,balanced,tfidf,936,1760785279.3494966,,,
8518,0,svm,max,balanced,tfidf,937,1760785279.5138066,,,
2612,0,svm,max,balanced,tfidf,938,1760785279.6650796,,,
18626,0,svm,max,balanced,tfidf,939,1760785279.8350725,,,
37229,0,svm,max,balanced,tfidf,940,1760785279.9978783,,,
26543,0,svm,max,balanced,tfidf,941,1760785280.1607625,,,
22954,0,svm,max,balanced,tfidf,942,1760785280.3159797,,,
16,0,svm,max,balanced,tfidf,943,1760785280.468132,,,
5236,0,svm,max,balanced,tfidf,944,1760785280.6164231,,,
37225,0,svm,max,balanced,tfidf,945,1760785280.7835445,,,
37397,0,svm,max,balanced,tfidf,946,1760785280.9583123,,,
22399,0,svm,max,balanced,tfidf,947,1760785281.1332603,,,
33138,0,svm,max,balanced,tfidf,948,1760785281.2978537,,,
31669,0,svm,max,balanced,tfidf,949,1760785281.4859781,,,
2718,0,svm,max,balanced,tfidf,950,1760785281.6746514,,,
37736,0,svm,max,balanced,tfidf,951,1760785281.9029913,,,
6898,0,svm,max,balanced,tfidf,952,1760785282.0983818,,,
4379,0,svm,max,balanced,tfidf,953,1760785282.2674873,,,
20424,0,svm,max,balanced,tfidf,954,1760785282.4277508,,,
1970,0,svm,max,balanced,tfidf,955,1760785282.5840852,,,
35886,0,svm,max,balanced,tfidf,956,1760785282.76094,,,
21878,0,svm,max,balanced,tfidf,957,1760785282.9157946,,,
37783,0,svm,max,balanced,tfidf,958,1760785283.0666199,,,
12912,0,svm,max,balanced,tfidf,959,1760785283.2551715,,,
32182,0,svm,max,balanced,tfidf,960,1760785283.427975,,,
15065,0,svm,max,balanced,tfidf,961,1760785283.6022289,,,
2528,0,svm,max,balanced,tfidf,962,1760785283.768429,,,
12026,0,svm,max,balanced,tfidf,963,1760785283.914986,,,
15727,0,svm,max,balanced,tfidf,964,1760785284.0868309,,,
15336,0,svm,max,balanced,tfidf,965,1760785284.2697592,,,
76,0,svm,max,balanced,tfidf,966,1760785284.4331942,,,
34106,0,svm,max,balanced,tfidf,967,1760785284.5941753,,,
1691,0,svm,max,balanced,tfidf,968,1760785284.7658827,,,
37285,0,svm,max,balanced,tfidf,969,1760785284.9175947,,,
34928,0,svm,max,balanced,tfidf,970,1760785285.0831249,,,
17941,0,svm,max,balanced,tfidf,971,1760785285.232131,,,
16962,0,svm,max,balanced,tfidf,972,1760785285.4003792,,,
56,0,svm,max,balanced,tfidf,973,1760785285.5481682,,,
20517,0,svm,max,balanced,tfidf,974,1760785285.7020283,,,
37934,0,svm,max,balanced,tfidf,975,1760785285.8513691,,,
7476,1,svm,max,balanced,tfidf,976,1760785285.9929705,,,
